{
  "name": "Auto_Translate_Mod_Langue_Vietnamese",
  "version": "1.0.3",
  "title": "Factorio Mods Vietnamese Language Pack (SafeTranslate)",
  "author": "Hoang0109",
  "factorio_version": "2.0",
  "description": "Gói việt hóa cho các mod Factorio được dịch bằng SafeGoogleTranslateAPI - An toàn, chất lượng cao (Updated: 2025-09-09)",
  "dependencies": [
    "? Alien-Chaos-modpack",
    "? Arachnids_enemy",
    "? ArmouredBiters",
    "? Babelfish",
    "? Big-Monsters",
    "? BigBags",
    "? BobsStackSize",
    "? Cold_biters",
    "? ElectricPoleRangeMultiplier",
    "? Explosive_biters",
    "? GunEquipment",
    "? HeroTurretRedux",
    "? MachineSpeedMultiplier",
    "? MegaBotStart",
    "? Mining_Drones",
    "? PersonalMagnet",
    "? RateCalculator",
    "? Toxic_biters",
    "? Turret-Shields",
    "? Turret_Range_Buff_Updated",
    "? Updated_Construction_Drones",
    "? aai-industry",
    "? aai-loaders",
    "? adjustable-magazine-size",
    "? alien-biomes",
    "? alien-biomes-graphics",
    "? ammo-loader",
    "? bigger-artillery",
    "? chest-auto-sort",
    "? companion-drones-mjlfix",
    "? copper-construction-robots",
    "? even-distribution",
    "? far-reach",
    "? flib",
    "? instant-mining-plus",
    "? inventory-repair",
    "? jetpack",
    "? loaders-utils",
    "? mecha-start",
    "? mferrari_lib",
    "? quantum-fabricator",
    "? resourceMarker",
    "? robot_attrition",
    "? robotworld-continued",
    "? squeak-through-2",
    "? water-pumpjack"
  ]
}