{
	"name": "aai-loaders",
	"version": "0.2.7",
	"title": "AAI Loaders",
	"author": "Earendel",
	"dependencies": [
		"base >= 2.0.2",
		"? space-age >= 2.0.2"
	],
	"description": "Loaders designed by Wube's concept artist, Earendel. 2 gameplay styles: Cheap but requires lubricant to run, or expensive but no operating cost. Built-in compatibility with AAI Industries, Space Exploration, Krastorio 2, Pyanodons, and Industrial Revolution 2 and 3.",
	"factorio_version": "2.0",
	"homepage": "https://factorio.miraheze.org",
	"package": {
		"git_publish_branch": "master",
		"ignore": ["**"],
		"extra": [
		  { 
			"root": ".build"
		  }
		],
		"scripts": {
		  "datestamp": "sh ./build-scripts/datestamp.sh",
		  "prepackage": "sh ./build-scripts/prepackage.sh",
		  "postpublish": "sh ./build-scripts/postpublish.sh"
		}
	  }
}
