{
  "name": "Translate_planet_into_Vietnamese",
  "version": "1.0",
  "title": "Factorio Planet Mods Vietnamese Language Pack",
  "author": "takebee_mi",
  "factorio_version": "2.0",
  "description": "Gói việt hóa cho các mod hành tinh Factorio. Bao gồm: aai-loaders, alien-biomes, ammo-loader, Arachnids_enemy, ArmouredBiters, Babelfish, BigBags, bigger-artillery, Big-Monsters, chest-auto-sort, Cold_biters, ElectricPoleRangeMultiplier, even-distribution, Explosive_biters, far-reach, flib, GunEquipment, inventory-repair, jetpack, mecha-start, MegaBotStart, mferrari_lib, Mining_Drones, PersonalMagnet, quantum-fabricator, RateCalculator, resourceMarker, robot_attrition, robotworld-continued, squeak-through-2, Toxic_biters, Updated_Construction_Drones.\nTự động dịch bằng DeepL, có thể cần chỉnh sửa thủ công.",
  "dependencies": [
    "? Arachnids_enemy",
    "? ArmouredBiters",
    "? Babelfish",
    "? Big-Monsters",
    "? BigBags",
    "? Cold_biters",
    "? ElectricPoleRangeMultiplier",
    "? Explosive_biters",
    "? GunEquipment",
    "? MegaBotStart",
    "? Mining_Drones",
    "? PersonalMagnet",
    "? RateCalculator",
    "? Toxic_biters",
    "? Updated_Construction_Drones",
    "? aai-loaders",
    "? alien-biomes",
    "? ammo-loader",
    "? bigger-artillery",
    "? chest-auto-sort",
    "? even-distribution",
    "? far-reach",
    "? flib",
    "? inventory-repair",
    "? jetpack",
    "? mecha-start",
    "? mferrari_lib",
    "? quantum-fabricator",
    "? resourceMarker",
    "? robot_attrition",
    "? robotworld-continued",
    "? squeak-through-2"
  ]
}