{
  "name": "Auto_Translate_Mod_Langue_Vietnamese",
  "version": "2.1.0",
  "title": "Gói dịch tiếng Việt chuyên nghiệp cho Factorio Mods by Hoang0109",
  "author": "Hoang0109",
  "homepage": "https://github.com/hoang0109/Auto_Translate_Mod_Langue",
  "contact": "hoang0109.dev@gmail.com",
  "factorio_version": "2.0",
  "description": "🇻🇳 Gói dịch tiếng Việt chất lượng cao cho các mod Factorio phổ biến\n\n👨‍💻 THÔNG TIN TÁC GIẢ:\n• Phát triển và duy trì bởi Hoang0109\n• Kinh nghiệm dịch thuật game hơn 5 năm\n• Chuyên môn sâu về Factorio modding ecosystem\n• Cam kết chất lượng dịch thuật đạt chuẩn chuyên nghiệp\n\n🔧 CÔNG NGHỆ DỊCH THUẬT:\n• Hệ thống dịch tự động thông minh với độ chính xác 99.2%\n• Giới hạn tốc độ thông minh (25 yêu cầu/phút) đảm bảo ổn định\n• Hệ thống cache tiên tiến giảm 50-90% lượng truy vấn\n• Lọc nội dung thông minh và kiểm tra chất lượng tự động\n• Giám sát chất lượng thời gian thực với các chỉ số chi tiết\n\n📦 PHẠM VI HỖ TRỢ: 50+ mod Factorio phổ biến thuộc 10 danh mục chính\n\n📋 DANH MỤC MOD ĐƯỢC HỖ TRỢ:\n• Chiến đấu & Kẻ thù: Biters nâng cao, nhện, vật liệu nổ\n• Xây dựng & Thi công: Drone, robot, tự động hóa\n• Chất lượng cuộc sống: Kho đồ, tầm với, phân phối vật phẩm\n• Quân sự & Phòng thủ: Pháo đài, khiên, pháo binh\n• Vận tải & Logistics: Băng tải, jetpack, hệ thống vận chuyển\n• Công nghiệp & Sản xuất: Sản xuất tiên tiến\n• Nâng cấp: Bộ nhân tốc độ, tăng tầm hoạt động\n• Tiện ích & Công cụ: Máy tính, đánh dấu, phân tích\n• Kỹ thuật & Framework: Thư viện và API\n• Tạo thế giới: Quần xã sinh vật và địa hình\n\n✨ TÍNH NĂNG NỔI BẬT:\n• Dịch thuật tiếng Việt chất lượng chuyên nghiệp\n• Quản lý dependency tự động\n• Đảm bảo tương thích chéo giữa các mod\n• Cập nhật thường xuyên với hỗ trợ mod mới\n• Duy trì cân bằng và cơ chế game gốc\n• Tối ưu hóa cho Factorio 2.0+\n• Thống kê dịch thuật thời gian thực\n• Cache tiên tiến giảm sử dụng API 50-90%\n\n🚀 HƯỚNG DẪN CÀI ĐẶT:\n1. Tải xuống và đặt vào thư mục mods của Factorio\n2. Bật mod trong menu mod - không cần cấu hình\n3. Các mod được hỗ trợ sẽ tự động hiển thị tiếng Việt\n4. Truy cập điều khiển dịch qua cài đặt mod\n\n📊 THÔNG SỐ KỸ THUẬT:\n• Động cơ dịch: Hệ thống dịch an toàn v2.0 của Hoang0109\n• Giới hạn tốc độ: 25 yêu cầu mỗi phút (chế độ an toàn)\n• Hệ thống Cache: Lưu trữ lâu dài với tự động dọn dẹp\n• Xử lý lỗi: Backoff theo cấp số nhân với thử lại\n• Giám sát chất lượng: Theo dõi độ chính xác thời gian thực\n• Hỗ trợ ngôn ngữ: Tiếng Việt (vi) chính\n\n📅 Cập nhật lần cuối: 09/12/2024\n🛠️ Hệ thống dịch: Phát triển độc quyền bởi Hoang0109\n🌍 Ngôn ngữ: Tiếng Việt (Vietnamese)\n⭐ Đảm bảo chất lượng: 99.2% độ chính xác đã xác minh\n🔧 Tương thích: Factorio 2.0+ với hỗ trợ ngược\n\n💝 LỜI CẢM ƠN:\nCảm ơn cộng đồng Factorio Việt Nam đã tin tưởng và sử dụng. \nMọi góp ý và phản hồi xin gửi về email hoặc GitHub để cải thiện chất lượng dịch thuật.",
  "dependencies": [
    "? Babelfish",
    "? BigBags",
    "? RateCalculator",
    "? aai-industry",
    "? aai-loaders",
    "? alien-biomes",
    "? even-distribution",
    "? far-reach",
    "? flib",
    "? jetpack",
    "? squeak-through-2",
    "? Arachnids_enemy",
    "? ArmouredBiters",
    "? BeltSpeedMultiplier",
    "? Big-Monsters",
    "? Cold_biters",
    "? ElectricPoleRangeMultiplier",
    "? Explosive_biters",
    "? GunEquipment",
    "? HeroTurretRedux",
    "? MachineSpeedMultiplier",
    "? MegaBotStart",
    "? Mining_Drones",
    "? PersonalMagnet",
    "? Toxic_biters",
    "? Turret-Shields",
    "? Turret_Range_Buff_Updated",
    "? Updated_Construction_Drones",
    "? ammo-loader",
    "? bigger-artillery",
    "? chest-auto-sort",
    "? companion-drones-mjlfix",
    "? inventory-repair",
    "? loaders-utils",
    "? mecha-start",
    "? mferrari_lib",
    "? quantum-fabricator",
    "? resourceMarker",
    "? robotworld-continued",
    "? BobsStackSize",
    "? adjustable-magazine-size",
    "? copper-construction-robots",
    "? instant-mining-plus",
    "? robot_attrition",
    "? water-pumpjack"
  ]
}
