{
  "name": "Auto_Translate_Mod_Langue_Vietnamese",
  "version": "1.0",
  "title": "Factorio Planet Mods Vietnamese Language Pack",
  "author": "Hoang0109",
  "factorio_version": "2.0",
  "description": "Gói việt hóa cho các mod game Factorio",
  "dependencies": [
    "? Arachnids_enemy",
    "? ArmouredBiters",
    "? Babelfish",
    "? Big-Monsters",
    "? BigBags",
    "? Cold_biters",
    "? ElectricPoleRangeMultiplier",
    "? Explosive_biters",
    "? GunEquipment",
    "? MegaBotStart",
    "? Mining_Drones",
    "? PersonalMagnet",
    "? RateCalculator",
    "? Toxic_biters",
    "? Updated_Construction_Drones",
    "? aai-loaders",
    "? alien-biomes",
    "? ammo-loader",
    "? bigger-artillery",
    "? chest-auto-sort",
    "? even-distribution",
    "? far-reach",
    "? flib",
    "? inventory-repair",
    "? jetpack",
    "? mecha-start",
    "? mferrari_lib",
    "? quantum-fabricator",
    "? resourceMarker",
    "? robot_attrition",
    "? robotworld-continued",
    "? squeak-through-2"
  ]
}